prompt,response
"Round 1
Send your offer to divide $100 and a message to Bob.","```json
{""alice_gain"": 90, ""bob_gain"": 10, ""message"": ""I'm feeling generous, Bob. Let's split it 90/10 in my favor.  It's a good deal for you, and it gets us started right away!""}
```"
"Bob rejected your offer from round 1.

Round 2
Due to inflation, the money you gain is worth 10% less than in the first round. The money Bob gains is worth the same as in the first round.
Bob's offer:
# Bob's message: Alice, that's a tough start! How about we try a 70/30 split in my favor? It's still a good deal for you considering the inflation, and we can wrap this up quickly. 
# Alice gain: 30 
# Bob gain: 70 
Do you accept this offer?","```json
{""decision"": ""reject""}
```"
"You have chosen to reject Bob's offer from round 2.
Round 3
Send your offer to divide $100 and a message to Bob.","```json
{""alice_gain"": 60, ""bob_gain"": 40, ""message"": ""Bob, let's be reasonable. While inflation is a factor,  I'm still willing to take a hit. How about a 60/40 split? It's closer to your last offer, and we can move on.""}
```"
"Bob rejected your offer from round 3.

Round 4
Due to inflation, the money you gain is worth 27.1% less than in the first round. The money Bob gains is worth the same as in the first round.
Bob's offer:
# Bob's message: Alice, I appreciate you moving closer to a fairer split. How about we meet in the middle at 60/40? It's a good deal for both of us considering the time crunch and the inflation working against you. 
# Alice gain: 40 
# Bob gain: 60 
Do you accept this offer?","```json
{""decision"": ""accept""}
```"
